City,State,abbreviation,lat,lon,Region
Montgomery,Alabama,AL,32.3668052,-86.2999689,Southeast
Birmingham,Alabama,AL,33.5206608,-86.80249,Southeast
Huntsville,Alabama,AL,34.7303688,-86.5861037,Southeast
Madison,Alabama,AL,34.6992579,-86.7483318,Southeast
Mobile,Alabama,AL,30.6953657,-88.0398912,Southeast
Tuscaloosa,Alabama,AL,33.2098407,-87.5691735,Southeast
Hoover,Alabama,AL,33.4053867,-86.8113781,Southeast
Decatur,Alabama,AL,34.6059253,-86.9833417,Southeast
Auburn,Alabama,AL,32.6098566,-85.4807825,Southeast
Florence,Alabama,AL,34.79981,-87.677251,Southeast
Phenix City,Alabama,AL,32.4709761,-85.0007653,Southeast
Dothan,Alabama,AL,31.2232313,-85.3904888,Southeast
Anchorage,Alaska,AK,61.2180556,-149.9002778,Northwest
Flagstaff,Arizona,AZ,35.1982836,-111.651302,California
Lake Havasu City,Arizona,AZ,34.483901,-114.3224548,California
Prescott,Arizona,AZ,34.5400242,-112.4685025,California
Buckeye,Arizona,AZ,33.3703197,-112.5837766,California
Scottsdale,Arizona,AZ,33.4941704,-111.9260519,California
Gilbert,Arizona,AZ,33.3528264,-111.789027,California
Marana,Arizona,AZ,32.436381,-111.2224422,California
Tucson,Arizona,AZ,32.2217429,-110.926479,California
Oro Valley,Arizona,AZ,32.3909071,-110.966488,California
Mesa,Arizona,AZ,33.4151843,-111.8314724,California
Maricopa,Arizona,AZ,33.0581063,-112.0476423,California
Goodyear,Arizona,AZ,33.4353394,-112.3576567,California
Sierra Vista,Arizona,AZ,31.5455001,-110.2772856,California
Chandler,Arizona,AZ,33.3061605,-111.8412502,California
Apache Junction,Arizona,AZ,33.4150485,-111.5495777,California
Bullhead City,Arizona,AZ,35.1359386,-114.5285981,California
Peoria,Arizona,AZ,33.5805955,-112.2373779,California
Tempe,Arizona,AZ,33.4255104,-111.9400054,California
Avondale,Arizona,AZ,33.4355977,-112.3496021,California
Casa Grande,Arizona,AZ,32.8795022,-111.7573521,California
Prescott Valley,Arizona,AZ,34.6100243,-112.315721,California
Surprise,Arizona,AZ,33.6292337,-112.3679279,California
Yuma,Arizona,AZ,32.6926512,-114.6276916,California
Phoenix,Arizona,AZ,33.4483771,-112.0740373,California
Glendale,Arizona,AZ,33.5386523,-112.1859866,California
Fort Smith,Arkansas,AR,35.3859242,-94.3985475,South Central
Rogers,Arkansas,AR,36.3320196,-94.1185366,South Central
North Little Rock,Arkansas,AR,34.769536,-92.2670941,South Central
Bentonville,Arkansas,AR,36.3728538,-94.2088172,South Central
Springdale,Arkansas,AR,36.1867442,-94.1288141,South Central
Little Rock,Arkansas,AR,34.7464809,-92.2895948,South Central
Jonesboro,Arkansas,AR,35.8422967,-90.704279,South Central
Pine Bluff,Arkansas,AR,34.2284312,-92.0031955,South Central
Fayetteville,Arkansas,AR,36.0625795,-94.1574263,South Central
Conway,Arkansas,AR,35.0886963,-92.4421011,South Central
Perris,California,CA,33.7825194,-117.2286478,California
Buena Park,California,CA,33.8675143,-117.9981181,California
Westminster,California,CA,33.7513419,-117.9939921,California
Rancho Palos Verdes,California,CA,33.7444613,-118.3870173,California
Sacramento,California,CA,38.5815719,-121.4943996,California
Covina,California,CA,34.0900091,-117.8903397,California
Visalia,California,CA,36.3302284,-119.2920585,California
Antioch,California,CA,38.0049214,-121.805789,California
Murrieta,California,CA,33.5539143,-117.2139232,California
Chino,California,CA,34.0122346,-117.688944,California
Fountain Valley,California,CA,33.7091847,-117.9536697,California
Tulare,California,CA,36.2077288,-119.3473379,California
Chula Vista,California,CA,32.6400541,-117.0841955,California
Concord,California,CA,37.9779776,-122.0310733,California
Campbell,California,CA,37.2871651,-121.9499568,California
Moreno Valley,California,CA,33.9424658,-117.2296717,California
Dublin,California,CA,37.7021521,-121.9357918,California
El Centro,California,CA,32.792,-115.5630514,California
Pittsburg,California,CA,38.0279762,-121.8846806,California
Brea,California,CA,33.9166805,-117.9000604,California
Indio,California,CA,33.7205771,-116.2155619,California
Glendora,California,CA,34.1361187,-117.865339,California
Calexico,California,CA,32.6789476,-115.4988834,California
Clovis,California,CA,36.8252277,-119.7029194,California
Orange,California,CA,33.7877944,-117.8531119,California
Walnut Creek,California,CA,37.9100783,-122.0651819,California
Porterville,California,CA,36.06523,-119.0167679,California
Merced,California,CA,37.3021632,-120.4829677,California
Yorba Linda,California,CA,33.8886259,-117.8131125,California
San Buenaventura (Ventura),California,CA,34.274646,-119.2290316,California
Fremont,California,CA,37.5482697,-121.9885719,California
Pomona,California,CA,34.055103,-117.7499909,California
Eastvale,California,CA,33.952463,-117.5848025,California
Tustin,California,CA,33.7458511,-117.826166,California
Escondido,California,CA,33.1192068,-117.086421,California
San Bruno,California,CA,37.6304904,-122.4110835,California
Berkeley,California,CA,37.8715926,-122.272747,California
San Clemente,California,CA,33.4269728,-117.6119925,California
La Habra,California,CA,33.9319578,-117.9461734,California
Daly City,California,CA,37.6879241,-122.4702079,California
El Monte,California,CA,34.0686206,-118.0275667,California
Danville,California,CA,37.8215929,-121.9999606,California
Santa Barbara,California,CA,34.4208305,-119.6981901,California
San Mateo,California,CA,37.5629917,-122.3255254,California
Lompoc,California,CA,34.6391501,-120.4579409,California
Salinas,California,CA,36.6777372,-121.6555013,California
Ceres,California,CA,37.5949316,-120.9577098,California
Bell Gardens,California,CA,33.9652918,-118.1514588,California
San Leandro,California,CA,37.7249296,-122.1560768,California
Vista,California,CA,33.2000368,-117.2425355,California
Lodi,California,CA,38.1341477,-121.2722194,California
National City,California,CA,32.6781085,-117.0991967,California
Hayward,California,CA,37.6688205,-122.0807964,California
Hanford,California,CA,36.3274502,-119.6456844,California
Cypress,California,CA,33.8169599,-118.0372852,California
Redlands,California,CA,34.0555693,-117.1825381,California
Rialto,California,CA,34.1064001,-117.3703235,California
Rancho Santa Margarita,California,CA,33.640855,-117.603104,California
Palm Springs,California,CA,33.8302961,-116.5452921,California
San Diego,California,CA,32.715738,-117.1610838,California
Santa Rosa,California,CA,38.440429,-122.7140548,California
Cathedral City,California,CA,33.7805388,-116.4668036,California
Sunnyvale,California,CA,37.36883,-122.0363496,California
Santa Cruz,California,CA,36.9741171,-122.0307963,California
Tracy,California,CA,37.7396513,-121.4252227,California
Palm Desert,California,CA,33.7222445,-116.3744556,California
Camarillo,California,CA,34.2163937,-119.0376023,California
Oakland,California,CA,37.8043637,-122.2711137,California
Mountain View,California,CA,37.3860517,-122.0838511,California
Lake Elsinore,California,CA,33.6680772,-117.3272615,California
Monterey Park,California,CA,34.0625106,-118.1228476,California
Madera,California,CA,36.9613356,-120.0607176,California
Vallejo,California,CA,38.1040864,-122.2566367,California
Arcadia,California,CA,34.1397292,-118.0353449,California
Alhambra,California,CA,34.095287,-118.1270146,California
Citrus Heights,California,CA,38.7071247,-121.2810611,California
Hawthorne,California,CA,33.9164032,-118.3525748,California
Stockton,California,CA,37.9577016,-121.2907796,California
Laguna Niguel,California,CA,33.5225261,-117.7075526,California
Costa Mesa,California,CA,33.6411316,-117.9186689,California
Encinitas,California,CA,33.0369867,-117.2919818,California
Huntington Park,California,CA,33.9816812,-118.2250725,California
Richmond,California,CA,37.9357576,-122.3477486,California
Newark,California,CA,37.5296593,-122.0402399,California
Diamond Bar,California,CA,34.0286226,-117.8103367,California
Baldwin Park,California,CA,34.0852868,-117.9608978,California
San Luis Obispo,California,CA,35.2827524,-120.6596156,California
Newport Beach,California,CA,33.6189101,-117.9289469,California
Long Beach,California,CA,33.7700504,-118.1937395,California
Chico,California,CA,39.7284944,-121.8374777,California
Colton,California,CA,34.0739016,-117.3136547,California
Montebello,California,CA,34.0165053,-118.1137535,California
Pleasanton,California,CA,37.6624312,-121.8746789,California
Fairfield,California,CA,38.2493581,-122.0399663,California
Milpitas,California,CA,37.4323341,-121.8995741,California
Placentia,California,CA,33.8722371,-117.8703363,California
Montclair,California,CA,34.0775104,-117.6897776,California
San Francisco,California,CA,37.7749295,-122.4194155,California
Fontana,California,CA,34.0922335,-117.435048,California
Chino Hills,California,CA,33.9898188,-117.7325848,California
Poway,California,CA,32.9628232,-117.0358646,California
San Jacinto,California,CA,33.7839084,-116.958635,California
San Bernardino,California,CA,34.1083449,-117.2897652,California
Victorville,California,CA,34.5362184,-117.2927641,California
Morgan Hill,California,CA,37.1305012,-121.6543901,California
Culver City,California,CA,34.0211224,-118.3964665,California
Elk Grove,California,CA,38.4087993,-121.3716178,California
Inglewood,California,CA,33.9616801,-118.3531311,California
Pasadena,California,CA,34.1477849,-118.1445155,California
Petaluma,California,CA,38.232417,-122.6366524,California
Napa,California,CA,38.2975381,-122.286865,California
Apple Valley,California,CA,34.5008311,-117.1858759,California
Upland,California,CA,34.09751,-117.6483876,California
Modesto,California,CA,37.6390972,-120.9968782,California
Jurupa Valley,California,CA,33.9971974,-117.4854802,California
Bellflower,California,CA,33.8816818,-118.1170117,California
Coachella,California,CA,33.6803003,-116.173894,California
Riverside,California,CA,33.9533487,-117.3961564,California
Palmdale,California,CA,34.5794343,-118.1164613,California
Novato,California,CA,38.1074198,-122.5697032,California
Mission Viejo,California,CA,33.6000232,-117.6719953,California
Lincoln,California,CA,38.891565,-121.2930079,California
Folsom,California,CA,38.6779591,-121.1760583,California
Livermore,California,CA,37.6818745,-121.7680088,California
Rohnert Park,California,CA,38.3396367,-122.7010984,California
Alameda,California,CA,37.7652065,-122.2416355,California
Manteca,California,CA,37.7974273,-121.2160526,California
Yuba City,California,CA,39.1404477,-121.6169108,California
Vacaville,California,CA,38.3565773,-121.9877444,California
Santa Monica,California,CA,34.0194543,-118.4911912,California
La Quinta,California,CA,33.6633573,-116.3100095,California
Delano,California,CA,35.7688425,-119.2470536,California
Corona,California,CA,33.8752935,-117.5664384,California
Rocklin,California,CA,38.7907339,-121.2357828,California
Santa Clarita,California,CA,34.3916641,-118.542586,California
Hesperia,California,CA,34.4263886,-117.3008784,California
Redondo Beach,California,CA,33.8491816,-118.3884078,California
Temecula,California,CA,33.4936391,-117.1483648,California
Santee,California,CA,32.8383828,-116.9739167,California
Oxnard,California,CA,34.1975048,-119.1770516,California
Paramount,California,CA,33.8894598,-118.1597911,California
Anaheim,California,CA,33.8352932,-117.9145036,California
Monrovia,California,CA,34.1442616,-118.0019482,California
Santa Ana,California,CA,33.7455731,-117.8678338,California
Roseville,California,CA,38.7521235,-121.2880059,California
Woodland,California,CA,38.6785157,-121.7732971,California
Hemet,California,CA,33.7475203,-116.9719684,California
San Marcos,California,CA,33.1433723,-117.1661449,California
Lakewood,California,CA,33.8536269,-118.1339563,California
El Cajon,California,CA,32.7947731,-116.9625269,California
Rosemead,California,CA,34.0805651,-118.072846,California
Rancho Cucamonga,California,CA,34.1063989,-117.5931084,California
Watsonville,California,CA,36.910231,-121.7568946,California
Carlsbad,California,CA,33.1580933,-117.3505939,California
Redding,California,CA,40.5865396,-122.3916754,California
Bakersfield,California,CA,35.3732921,-119.0187125,California
South San Francisco,California,CA,37.654656,-122.4077498,California
Whittier,California,CA,33.9791793,-118.032844,California
Beaumont,California,CA,33.9294606,-116.977248,California
Norwalk,California,CA,33.9022367,-118.081733,California
Highland,California,CA,34.1283442,-117.2086513,California
Rancho Cordova,California,CA,38.5890723,-121.302728,California
Burbank,California,CA,34.1808392,-118.3089661,California
Fullerton,California,CA,33.8703596,-117.9242966,California
Pico Rivera,California,CA,33.9830688,-118.096735,California
Cerritos,California,CA,33.8583483,-118.0647871,California
La Puente,California,CA,34.0200114,-117.9495083,California
San Jose,California,CA,37.3382082,-121.8863286,California
Irvine,California,CA,33.6839473,-117.7946942,California
Pacifica,California,CA,37.6138253,-122.4869194,California
Lancaster,California,CA,34.6867846,-118.1541632,California
Cupertino,California,CA,37.3229978,-122.0321823,California
Gilroy,California,CA,37.0057816,-121.5682751,California
Fresno,California,CA,36.7468422,-119.7725868,California
San Gabriel,California,CA,34.0961111,-118.1058333,California
Redwood City,California,CA,37.4852152,-122.2363548,California
Union City,California,CA,37.5933918,-122.0438298,California
Aliso Viejo,California,CA,33.5676842,-117.7256083,California
Menifee,California,CA,33.6971468,-117.185294,California
San Ramon,California,CA,37.7799273,-121.9780153,California
Ontario,California,CA,34.0633443,-117.6508876,California
Glendale,California,CA,34.1425078,-118.255075,California
Gardena,California,CA,33.8883487,-118.3089624,California
West Sacramento,California,CA,38.5804609,-121.530234,California
San Rafael,California,CA,37.9735346,-122.5310874,California
Simi Valley,California,CA,34.2694474,-118.781482,California
West Covina,California,CA,34.0686208,-117.9389526,California
Carson,California,CA,33.8316745,-118.281693,California
Santa Maria,California,CA,34.9530337,-120.4357191,California
La Mesa,California,CA,32.7678287,-117.0230839,California
Turlock,California,CA,37.4946568,-120.8465941,California
Martinez,California,CA,38.0193657,-122.1341321,California
Thousand Oaks,California,CA,34.1705609,-118.8375937,California
Azusa,California,CA,34.1336186,-117.9075627,California
Torrance,California,CA,33.8358492,-118.3406288,California
Oakley,California,CA,37.9974219,-121.7124536,California
Palo Alto,California,CA,37.4418834,-122.1430195,California
Brentwood,California,CA,37.931868,-121.6957863,California
Davis,California,CA,38.5449065,-121.7405167,California
La Mirada,California,CA,33.9172357,-118.0120086,California
Garden Grove,California,CA,33.7739053,-117.9414477,California
Lynwood,California,CA,33.930293,-118.2114603,California
Los Angeles,California,CA,34.0522342,-118.2436849,California
Yucaipa,California,CA,34.033625,-117.0430865,California
Downey,California,CA,33.9401088,-118.1331593,California
South Gate,California,CA,33.954737,-118.2120161,California
Huntington Beach,California,CA,33.660297,-117.9992265,California
Stanton,California,CA,33.8025155,-117.9931165,California
Santa Clara,California,CA,37.3541079,-121.9552356,California
Oceanside,California,CA,33.1958696,-117.3794834,California
Lake Forest,California,CA,33.6469661,-117.689218,California
Compton,California,CA,33.8958492,-118.2200712,California
Parker,Colorado,CO,39.5186002,-104.7613633,West
Lakewood,Colorado,CO,39.7047095,-105.0813734,West
Thornton,Colorado,CO,39.8680412,-104.9719243,West
Denver,Colorado,CO,39.7392358,-104.990251,West
Littleton,Colorado,CO,39.613321,-105.0166498,West
Pueblo,Colorado,CO,38.2544472,-104.6091409,West
Commerce City,Colorado,CO,39.8083196,-104.9338675,West
Fort Collins,Colorado,CO,40.5852602,-105.084423,West
Broomfield,Colorado,CO,39.9205411,-105.0866504,West
Arvada,Colorado,CO,39.8027644,-105.0874842,West
Aurora,Colorado,CO,39.7294319,-104.8319195,West
Colorado Springs,Colorado,CO,38.8338816,-104.8213634,West
Boulder,Colorado,CO,40.0149856,-105.2705456,West
Centennial,Colorado,CO,39.5807452,-104.8771726,West
Grand Junction,Colorado,CO,39.0638705,-108.5506486,West
Loveland,Colorado,CO,40.3977612,-105.0749801,West
Longmont,Colorado,CO,40.1672068,-105.1019275,West
Castle Rock,Colorado,CO,39.3722121,-104.8560902,West
Westminster,Colorado,CO,39.8366528,-105.0372046,West
Greeley,Colorado,CO,40.4233142,-104.7091322,West
Northglenn,Colorado,CO,39.8961821,-104.9811468,West
Waterbury,Connecticut,CT,41.5581525,-73.0514965,Northeast
Stamford,Connecticut,CT,41.0534302,-73.5387341,Northeast
West Haven,Connecticut,CT,41.2705484,-72.9469711,Northeast
Hartford,Connecticut,CT,41.7637111,-72.6850932,Northeast
Norwalk,Connecticut,CT,41.117744,-73.4081575,Northeast
Danbury,Connecticut,CT,41.394817,-73.4540111,Northeast
Norwich,Connecticut,CT,41.5242649,-72.0759105,Northeast
New Haven,Connecticut,CT,41.308274,-72.9278835,Northeast
Shelton,Connecticut,CT,41.3164856,-73.0931641,Northeast
Milford,Connecticut,CT,41.2306979,-73.064036,Northeast
Meriden,Connecticut,CT,41.5381535,-72.8070435,Northeast
Middletown,Connecticut,CT,41.5623209,-72.6506488,Northeast
Bridgeport,Connecticut,CT,41.1865478,-73.1951767,Northeast
Bristol,Connecticut,CT,41.6717648,-72.9492703,Northeast
New Britain,Connecticut,CT,41.6612104,-72.7795419,Northeast
Wilmington,Delaware,DE,39.7390721,-75.5397878,Midsouth
Dover,Delaware,DE,39.158168,-75.5243682,Midsouth
Washington,District of Columbia,DC,38.9071923,-77.0368707,Midsouth
West Palm Beach,Florida,FL,26.7153424,-80.0533746,Southeast
Doral,Florida,FL,25.8195424,-80.3553302,Southeast
Daytona Beach,Florida,FL,29.2108147,-81.0228331,Southeast
North Lauderdale,Florida,FL,26.217305,-80.2258811,Southeast
Deerfield Beach,Florida,FL,26.3184123,-80.0997657,Southeast
Coral Springs,Florida,FL,26.271192,-80.2706044,Southeast
Apopka,Florida,FL,28.6934076,-81.5322149,Southeast
Hollywood,Florida,FL,26.0112014,-80.1494901,Southeast
Tallahassee,Florida,FL,30.4382559,-84.2807329,Southeast
Jacksonville,Florida,FL,30.3321838,-81.655651,Southeast
Coral Gables,Florida,FL,25.72149,-80.2683838,Southeast
Kissimmee,Florida,FL,28.2919557,-81.407571,Southeast
Orlando,Florida,FL,28.5383355,-81.3792365,Southeast
Pinellas Park,Florida,FL,27.8428025,-82.6995443,Southeast
North Miami Beach,Florida,FL,25.9331488,-80.1625463,Southeast
North Miami,Florida,FL,25.8900949,-80.1867138,Southeast
Miami Gardens,Florida,FL,25.9420377,-80.2456045,Southeast
Melbourne,Florida,FL,28.0836269,-80.6081089,Southeast
Palm Bay,Florida,FL,28.0344621,-80.5886646,Southeast
Sanford,Florida,FL,28.8028612,-81.269453,Southeast
Pompano Beach,Florida,FL,26.2378597,-80.1247667,Southeast
Davie,Florida,FL,26.0764783,-80.2521157,Southeast
Oakland Park,Florida,FL,26.1723065,-80.1319893,Southeast
Boynton Beach,Florida,FL,26.5317866,-80.0905465,Southeast
Delray Beach,Florida,FL,26.4614625,-80.0728201,Southeast
Wellington,Florida,FL,26.6617635,-80.2683571,Southeast
Weston,Florida,FL,26.1003654,-80.3997748,Southeast
Titusville,Florida,FL,28.6122187,-80.8075537,Southeast
Miami Beach,Florida,FL,25.790654,-80.1300455,Southeast
Sunrise,Florida,FL,26.1669711,-80.256595,Southeast
Pensacola,Florida,FL,30.421309,-87.2169149,Southeast
Lakeland,Florida,FL,28.0394654,-81.9498042,Southeast
Fort Myers,Florida,FL,26.640628,-81.8723084,Southeast
Tampa,Florida,FL,27.950575,-82.4571776,Southeast
Plantation,Florida,FL,26.1275862,-80.2331036,Southeast
Sarasota,Florida,FL,27.3364347,-82.5306527,Southeast
Jupiter,Florida,FL,26.9342246,-80.0942087,Southeast
St. Cloud,Florida,FL,28.2489016,-81.2811801,Southeast
Palm Coast,Florida,FL,29.5844524,-81.2078699,Southeast
Altamonte Springs,Florida,FL,28.6611089,-81.3656242,Southeast
Tamarac,Florida,FL,26.2128609,-80.2497707,Southeast
Pembroke Pines,Florida,FL,26.007765,-80.2962555,Southeast
Deltona,Florida,FL,28.9005446,-81.2636738,Southeast
Port Orange,Florida,FL,29.1383165,-80.9956105,Southeast
St. Petersburg,Florida,FL,27.773056,-82.64,Southeast
Port St. Lucie,Florida,FL,27.2730492,-80.3582261,Southeast
Ormond Beach,Florida,FL,29.2858129,-81.0558894,Southeast
Miramar,Florida,FL,25.9860762,-80.3035602,Southeast
Coconut Creek,Florida,FL,26.2517482,-80.1789351,Southeast
Bradenton,Florida,FL,27.4989278,-82.5748194,Southeast
Fort Lauderdale,Florida,FL,26.1224386,-80.1373174,Southeast
Clearwater,Florida,FL,27.9658533,-82.8001026,Southeast
Cutler Bay,Florida,FL,25.5808323,-80.3468593,Southeast
Margate,Florida,FL,26.2445263,-80.206436,Southeast
Miami,Florida,FL,25.7616798,-80.1917902,Southeast
Bonita Springs,Florida,FL,26.339806,-81.7786972,Southeast
North Port,Florida,FL,27.044224,-82.2359254,Southeast
Homestead,Florida,FL,25.4687224,-80.4775569,Southeast
Cape Coral,Florida,FL,26.5628537,-81.9495331,Southeast
Largo,Florida,FL,27.9094665,-82.7873244,Southeast
Palm Beach Gardens,Florida,FL,26.8233946,-80.1386547,Southeast
Hallandale Beach,Florida,FL,25.9812024,-80.148379,Southeast
Hialeah,Florida,FL,25.8575963,-80.2781057,Southeast
Gainesville,Florida,FL,29.6516344,-82.3248262,Southeast
Aventura,Florida,FL,25.9564812,-80.1392121,Southeast
Winter Garden,Florida,FL,28.5652787,-81.5861847,Southeast
Greenacres,Florida,FL,26.6276276,-80.1353896,Southeast
Ocoee,Florida,FL,28.5691677,-81.5439619,Southeast
Panama City,Florida,FL,30.1588129,-85.6602058,Southeast
Fort Pierce,Florida,FL,27.4467056,-80.3256056,Southeast
Ocala,Florida,FL,29.1871986,-82.1400923,Southeast
Boca Raton,Florida,FL,26.3683064,-80.1289321,Southeast
Lauderhill,Florida,FL,26.1403635,-80.2133808,Southeast
Jacksonville,Florida,FL,30.3322,-81.6557,Southeast
Marietta,Georgia,GA,33.952602,-84.5499327,Southeast
Smyrna,Georgia,GA,33.8839926,-84.5143761,Southeast
Athens-Clarke County,Georgia,GA,33.9519347,-83.357567,Southeast
Macon,Georgia,GA,32.8406946,-83.6324022,Southeast
Atlanta,Georgia,GA,33.7489954,-84.3879824,Southeast
Johns Creek,Georgia,GA,34.0289259,-84.198579,Southeast
Augusta-Richmond County,Georgia,GA,33.4734978,-82.0105148,Southeast
Albany,Georgia,GA,31.5785074,-84.155741,Southeast
Savannah,Georgia,GA,32.0835407,-81.0998342,Southeast
Peachtree Corners,Georgia,GA,33.9698929,-84.2214551,Southeast
Dunwoody,Georgia,GA,33.9462125,-84.3346473,Southeast
Warner Robins,Georgia,GA,32.6130007,-83.624201,Southeast
Sandy Springs,Georgia,GA,33.9304352,-84.3733147,Southeast
Alpharetta,Georgia,GA,34.0753762,-84.2940899,Southeast
Valdosta,Georgia,GA,30.8327022,-83.2784851,Southeast
Brookhaven,Georgia,GA,33.8651033,-84.3365917,Southeast
Roswell,Georgia,GA,34.0232431,-84.3615555,Southeast
Boise,Idaho,ID,43.6187102,-116.2146068,West
Caldwell,Idaho,ID,43.6629384,-116.6873596,West
Meridian,Idaho,ID,43.6121087,-116.3915131,West
Coeur d'Alene,Idaho,ID,47.6776832,-116.7804664,West
Nampa,Idaho,ID,43.5407172,-116.5634624,West
Idaho Falls,Idaho,ID,43.4916514,-112.0339645,West
Pocatello,Idaho,ID,42.8713032,-112.4455344,West
Twin Falls,Idaho,ID,42.5629668,-114.4608711,West
Aurora,Illinois,IL,41.7605849,-88.3200715,Great Lakes
DeKalb,Illinois,IL,41.9294736,-88.7503647,Great Lakes
Naperville,Illinois,IL,41.7508391,-88.1535352,Great Lakes
Oak Lawn,Illinois,IL,41.719978,-87.7479528,Great Lakes
Springfield,Illinois,IL,39.7817213,-89.6501481,Great Lakes
Calumet City,Illinois,IL,41.6155909,-87.5294871,Great Lakes
Belleville,Illinois,IL,38.5200504,-89.9839935,Great Lakes
Crystal Lake,Illinois,IL,42.2411344,-88.3161965,Great Lakes
Addison,Illinois,IL,41.931696,-87.9889556,Great Lakes
Normal,Illinois,IL,40.5142026,-88.9906312,Great Lakes
Romeoville,Illinois,IL,41.6475306,-88.0895061,Great Lakes
Wheeling,Illinois,IL,42.1391927,-87.9289591,Great Lakes
Buffalo Grove,Illinois,IL,42.1662831,-87.9631308,Great Lakes
Wheaton,Illinois,IL,41.8661403,-88.1070127,Great Lakes
Peoria,Illinois,IL,40.6936488,-89.5889864,Great Lakes
Elmhurst,Illinois,IL,41.8994744,-87.9403418,Great Lakes
Quincy,Illinois,IL,39.9356016,-91.4098726,Great Lakes
Bloomington,Illinois,IL,40.4842027,-88.9936873,Great Lakes
Streamwood,Illinois,IL,42.0255827,-88.1784085,Great Lakes
Decatur,Illinois,IL,39.8403147,-88.9548001,Great Lakes
Mount Prospect,Illinois,IL,42.0664167,-87.9372908,Great Lakes
Bartlett,Illinois,IL,41.9950276,-88.1856301,Great Lakes
Rock Island,Illinois,IL,41.5094771,-90.5787476,Great Lakes
Des Plaines,Illinois,IL,42.0333623,-87.8833991,Great Lakes
Palatine,Illinois,IL,42.1103041,-88.03424,Great Lakes
Oak Park,Illinois,IL,41.8850317,-87.7845025,Great Lakes
Bolingbrook,Illinois,IL,41.6986416,-88.0683955,Great Lakes
Glenview,Illinois,IL,42.0697509,-87.7878408,Great Lakes
Schaumburg,Illinois,IL,42.0333607,-88.0834059,Great Lakes
Chicago,Illinois,IL,41.8781136,-87.6297982,Great Lakes
Lombard,Illinois,IL,41.8800296,-88.0078435,Great Lakes
Skokie,Illinois,IL,42.0324025,-87.7416246,Great Lakes
Moline,Illinois,IL,41.5067003,-90.5151342,Great Lakes
Arlington Heights,Illinois,IL,42.0883603,-87.9806265,Great Lakes
Rockford,Illinois,IL,42.2711311,-89.0939952,Great Lakes
Downers Grove,Illinois,IL,41.8089191,-88.0111746,Great Lakes
Carol Stream,Illinois,IL,41.9125286,-88.1347927,Great Lakes
Joliet,Illinois,IL,41.525031,-88.0817251,Great Lakes
Plainfield,Illinois,IL,41.632223,-88.2120315,Great Lakes
Hoffman Estates,Illinois,IL,42.0629915,-88.1227199,Great Lakes
Champaign,Illinois,IL,40.1164204,-88.2433829,Great Lakes
Berwyn,Illinois,IL,41.8505874,-87.7936685,Great Lakes
Carpentersville,Illinois,IL,42.1211364,-88.2578582,Great Lakes
Elgin,Illinois,IL,42.0354084,-88.2825668,Great Lakes
Waukegan,Illinois,IL,42.3636331,-87.8447938,Great Lakes
Tinley Park,Illinois,IL,41.5731442,-87.7932939,Great Lakes
Urbana,Illinois,IL,40.1105875,-88.2072697,Great Lakes
Orland Park,Illinois,IL,41.6303103,-87.8539425,Great Lakes
Evanston,Illinois,IL,42.0450722,-87.6876969,Great Lakes
Cicero,Illinois,IL,41.8455877,-87.7539448,Great Lakes
Park Ridge,Illinois,IL,42.0111412,-87.8406192,Great Lakes
Hanover Park,Illinois,IL,41.9994722,-88.1450735,Great Lakes
Elkhart,Indiana,IN,41.6819935,-85.9766671,Great Lakes
Bloomington,Indiana,IN,39.165325,-86.5263857,Great Lakes
Fishers,Indiana,IN,39.9567548,-86.01335,Great Lakes
Noblesville,Indiana,IN,40.0455917,-86.0085955,Great Lakes
Lawrence,Indiana,IN,39.8386516,-86.0252612,Great Lakes
Mishawaka,Indiana,IN,41.6619927,-86.1586156,Great Lakes
Fort Wayne,Indiana,IN,41.079273,-85.1393513,Great Lakes
Greenwood,Indiana,IN,39.6136578,-86.1066526,Great Lakes
Hammond,Indiana,IN,41.5833688,-87.5000412,Great Lakes
Kokomo,Indiana,IN,40.486427,-86.1336033,Great Lakes
Indianapolis,Indiana,IN,39.768403,-86.158068,Great Lakes
Lafayette,Indiana,IN,40.4167022,-86.8752869,Great Lakes
Jeffersonville,Indiana,IN,38.2775702,-85.7371847,Great Lakes
Muncie,Indiana,IN,40.1933767,-85.3863599,Great Lakes
Gary,Indiana,IN,41.5933696,-87.3464271,Great Lakes
Carmel,Indiana,IN,39.978371,-86.1180435,Great Lakes
Terre Haute,Indiana,IN,39.4667034,-87.4139092,Great Lakes
Columbus,Indiana,IN,39.2014404,-85.9213796,Great Lakes
South Bend,Indiana,IN,41.6763545,-86.2519898,Great Lakes
Anderson,Indiana,IN,40.1053196,-85.6802541,Great Lakes
Evansville,Indiana,IN,37.9715592,-87.5710898,Great Lakes
Urbandale,Iowa,IA,41.6266555,-93.7121656,Plains
Council Bluffs,Iowa,IA,41.2619444,-95.8608333,Plains
West Des Moines,Iowa,IA,41.5772115,-93.711332,Plains
Waterloo,Iowa,IA,42.492786,-92.3425775,Plains
Ankeny,Iowa,IA,41.7317884,-93.6001278,Plains
Sioux City,Iowa,IA,42.4999942,-96.4003069,Plains
Dubuque,Iowa,IA,42.5005583,-90.6645718,Plains
Ames,Iowa,IA,42.034722,-93.62,Plains
Cedar Falls,Iowa,IA,42.5348993,-92.4453161,Plains
Iowa City,Iowa,IA,41.6611277,-91.5301683,Plains
Cedar Rapids,Iowa,IA,41.9778795,-91.6656232,Plains
Des Moines,Iowa,IA,41.6005448,-93.6091064,Plains
Davenport,Iowa,IA,41.5236437,-90.5776367,Plains
Overland Park,Kansas,KS,38.9822282,-94.6707917,Plains
Lenexa,Kansas,KS,38.9536174,-94.7335709,Plains
Lawrence,Kansas,KS,38.9716689,-95.2352501,Plains
Kansas City,Kansas,KS,39.114053,-94.6274636,Plains
Manhattan,Kansas,KS,39.1836082,-96.5716694,Plains
Wichita,Kansas,KS,37.688889,-97.336111,Plains
Olathe,Kansas,KS,38.8813958,-94.8191285,Plains
Hutchinson,Kansas,KS,38.0608445,-97.9297743,Plains
Shawnee,Kansas,KS,39.0228485,-94.7151865,Plains
Topeka,Kansas,KS,39.0558235,-95.6890185,Plains
Salina,Kansas,KS,38.8402805,-97.6114237,Midsouth
Covington,Kentucky,KY,39.0836712,-84.5085536,Midsouth
Owensboro,Kentucky,KY,37.7719074,-87.1111676,Midsouth
Louisville,Kentucky,KY,38.2526647,-85.7584557,Midsouth
Lexington-Fayette,Kentucky,KY,38.0405837,-84.5037164,Midsouth
Bowling Green,Kentucky,KY,36.9685219,-86.4808043,Midsouth
Lafayette,Louisiana,LA,30.2240897,-92.0198427,South Central
New Orleans,Louisiana,LA,29.9510658,-90.0715323,South Central
Alexandria,Louisiana,LA,31.3112936,-92.4451371,South Central
Kenner,Louisiana,LA,29.9940924,-90.2417434,South Central
Shreveport,Louisiana,LA,32.5251516,-93.7501789,South Central
Lake Charles,Louisiana,LA,30.2265949,-93.2173758,South Central
Bossier City,Louisiana,LA,32.5159852,-93.7321228,South Central
Monroe,Louisiana,LA,32.5093109,-92.1193012,South Central
Baton Rouge,Louisiana,LA,30.4582829,-91.1403196,South Central
Portland,Maine,ME,43.661471,-70.2553259,West
Northern New England,Maine,ME,37.0902,-95.7129,Northeast
Gaithersburg,Maryland,MD,39.1434406,-77.2013705,Midsouth
Frederick,Maryland,MD,39.4142688,-77.4105409,Midsouth
Annapolis,Maryland,MD,38.9784453,-76.4921829,Midsouth
Bowie,Maryland,MD,39.0067768,-76.7791365,Midsouth
Hagerstown,Maryland,MD,39.6417629,-77.7199932,Midsouth
Rockville,Maryland,MD,39.0839973,-77.1527578,Midsouth
Baltimore,Maryland,MD,39.2903848,-76.6121893,Midsouth
Worcester,Massachusetts,MA,42.2625932,-71.8022934,Northeast
Salem,Massachusetts,MA,42.51954,-70.8967155,Northeast
Woburn,Massachusetts,MA,42.4792618,-71.1522765,Northeast
Fall River,Massachusetts,MA,41.7014912,-71.1550451,Northeast
Boston,Massachusetts,MA,42.3600825,-71.0588801,Northeast
Weymouth Town,Massachusetts,MA,42.2180724,-70.9410356,Northeast
Malden,Massachusetts,MA,42.4250964,-71.066163,Northeast
Chelsea,Massachusetts,MA,42.3917638,-71.0328284,Northeast
Medford,Massachusetts,MA,42.4184296,-71.1061639,Northeast
Fitchburg,Massachusetts,MA,42.5834228,-71.8022955,Northeast
Newton,Massachusetts,MA,42.3370413,-71.2092214,Northeast
Springfield,Massachusetts,MA,42.1014831,-72.589811,Northeast
Lowell,Massachusetts,MA,42.6334247,-71.3161718,Northeast
Taunton,Massachusetts,MA,41.900101,-71.0897674,Northeast
Lawrence,Massachusetts,MA,42.7070354,-71.1631137,Northeast
Waltham,Massachusetts,MA,42.3764852,-71.2356113,Northeast
Marlborough,Massachusetts,MA,42.3459271,-71.5522874,Northeast
Barnstable Town,Massachusetts,MA,41.7003208,-70.3002024,Northeast
Holyoke,Massachusetts,MA,42.2042586,-72.6162009,Northeast
Brockton,Massachusetts,MA,42.0834335,-71.0183787,Northeast
Peabody,Massachusetts,MA,42.5278731,-70.9286609,Northeast
Revere,Massachusetts,MA,42.4084302,-71.0119948,Northeast
Quincy,Massachusetts,MA,42.2528772,-71.0022705,Northeast
Leominster,Massachusetts,MA,42.5250906,-71.759794,Northeast
Beverly,Massachusetts,MA,42.5584283,-70.880049,Northeast
Attleboro,Massachusetts,MA,41.9445441,-71.2856082,Northeast
Methuen,Massachusetts,MA,42.7262016,-71.1908924,Northeast
Pittsfield,Massachusetts,MA,42.4500845,-73.2453824,Northeast
Somerville,Massachusetts,MA,42.3875968,-71.0994968,Northeast
Westfield,Massachusetts,MA,42.1250929,-72.749538,Northeast
Lynn,Massachusetts,MA,42.466763,-70.9494938,Northeast
New Bedford,Massachusetts,MA,41.6362152,-70.934205,Northeast
Chicopee,Massachusetts,MA,42.1487043,-72.6078672,Northeast
Haverhill,Massachusetts,MA,42.7762015,-71.0772796,Northeast
Cambridge,Massachusetts,MA,42.3736158,-71.1097335,Northeast
Everett,Massachusetts,MA,42.40843,-71.0536625,Northeast
Southfield,Michigan,MI,42.4733688,-83.2218731,Great Lakes
Sterling Heights,Michigan,MI,42.5803122,-83.0302033,Great Lakes
Lincoln Park,Michigan,MI,42.2505943,-83.1785361,Great Lakes
Flint,Michigan,MI,43.0125274,-83.6874562,Great Lakes
St. Clair Shores,Michigan,MI,42.4974085,-82.8963604,Great Lakes
Kentwood,Michigan,MI,42.8694731,-85.6447492,Great Lakes
Taylor,Michigan,MI,42.240872,-83.2696509,Great Lakes
Saginaw,Michigan,MI,43.4194699,-83.9508068,Great Lakes
Detroit,Michigan,MI,42.331427,-83.0457538,Great Lakes
Pontiac,Michigan,MI,42.6389216,-83.2910468,Great Lakes
Muskegon,Michigan,MI,43.2341813,-86.2483921,Great Lakes
Kalamazoo,Michigan,MI,42.2917069,-85.5872286,Great Lakes
Troy,Michigan,MI,42.6064095,-83.1497751,Great Lakes
Royal Oak,Michigan,MI,42.4894801,-83.1446485,Great Lakes
Westland,Michigan,MI,42.324204,-83.400211,Great Lakes
Battle Creek,Michigan,MI,42.3211522,-85.1797142,Great Lakes
Grand Rapids,Michigan,MI,42.9633599,-85.6680863,Great Lakes
Warren,Michigan,MI,42.5144566,-83.0146526,Great Lakes
Midland,Michigan,MI,43.6155825,-84.2472116,Great Lakes
Rochester Hills,Michigan,MI,42.6583661,-83.1499322,Great Lakes
Ann Arbor,Michigan,MI,42.2808256,-83.7430378,Great Lakes
East Lansing,Michigan,MI,42.7369792,-84.4838654,Great Lakes
Portage,Michigan,MI,42.2011538,-85.5800022,Great Lakes
Wyoming,Michigan,MI,42.9133602,-85.7053085,Great Lakes
Livonia,Michigan,MI,42.36837,-83.3527097,Great Lakes
Dearborn Heights,Michigan,MI,42.3369816,-83.2732627,Great Lakes
Farmington Hills,Michigan,MI,42.4989936,-83.3677168,Great Lakes
Dearborn,Michigan,MI,42.3222599,-83.1763145,Great Lakes
Lansing,Michigan,MI,42.732535,-84.5555347,Great Lakes
Roseville,Michigan,MI,42.4972583,-82.9371409,Great Lakes
Novi,Michigan,MI,42.48059,-83.4754913,Great Lakes
Eagan,Minnesota,MN,44.8041322,-93.1668858,Plains
Burnsville,Minnesota,MN,44.7677424,-93.2777226,Plains
Brooklyn Park,Minnesota,MN,45.0941315,-93.3563405,Plains
Rochester,Minnesota,MN,44.0121221,-92.4801989,Plains
Shakopee,Minnesota,MN,44.7973962,-93.5272861,Plains
Minneapolis,Minnesota,MN,44.977753,-93.2650108,Plains
St. Cloud,Minnesota,MN,45.5579451,-94.1632404,Plains
Edina,Minnesota,MN,44.8896866,-93.3499489,Plains
Coon Rapids,Minnesota,MN,45.1732394,-93.3030063,Plains
Blaine,Minnesota,MN,45.1607987,-93.2349489,Plains
Lakeville,Minnesota,MN,44.6496868,-93.24272,Plains
Eden Prairie,Minnesota,MN,44.8546856,-93.470786,Plains
Bloomington,Minnesota,MN,44.840798,-93.2982799,Plains
Moorhead,Minnesota,MN,46.8737648,-96.7678039,Plains
Duluth,Minnesota,MN,46.7866719,-92.1004852,Plains
Maplewood,Minnesota,MN,44.9530215,-92.9952153,Plains
St. Paul,Minnesota,MN,44.9537029,-93.0899578,Plains
Apple Valley,Minnesota,MN,44.7319094,-93.21772,Plains
Minnetonka,Minnesota,MN,44.9211836,-93.4687489,Plains
Plymouth,Minnesota,MN,45.0105194,-93.4555093,Plains
Maple Grove,Minnesota,MN,45.0724642,-93.4557877,Plains
Mankato,Minnesota,MN,44.1635775,-93.9993996,Plains
Woodbury,Minnesota,MN,44.9238552,-92.9593797,Plains
St. Louis Park,Minnesota,MN,44.9597376,-93.3702186,Plains
Jackson,Mississippi,MS,32.2987573,-90.1848103,Southeast
Southaven,Mississippi,MS,34.9889818,-90.0125913,Southeast
Gulfport,Mississippi,MS,30.3674198,-89.0928155,Southeast
Hattiesburg,Mississippi,MS,31.3271189,-89.2903392,Southeast
Meridian,Mississippi,MS,32.3643098,-88.703656,Southeast
Biloxi,Mississippi,MS,30.3960318,-88.8853078,Southeast
Kansas City,Missouri,MO,39.0997265,-94.5785667,Plains
St. Charles,Missouri,MO,38.7881062,-90.4974359,Plains
Florissant,Missouri,MO,38.789217,-90.322614,Plains
St. Louis,Missouri,MO,38.6270025,-90.1994042,Plains
Cape Girardeau,Missouri,MO,37.3058839,-89.5181476,Plains
Jefferson City,Missouri,MO,38.5767017,-92.1735164,Plains
St. Peters,Missouri,MO,38.7874699,-90.6298922,Plains
Lee's Summit,Missouri,MO,38.9108408,-94.3821724,Plains
St. Joseph,Missouri,MO,39.7674578,-94.846681,Plains
Columbia,Missouri,MO,38.9517053,-92.3340724,Plains
Blue Springs,Missouri,MO,39.0169509,-94.2816148,Plains
O'Fallon,Missouri,MO,38.8106075,-90.6998477,Plains
Springfield,Missouri,MO,37.2089572,-93.2922989,Plains
Chesterfield,Missouri,MO,38.6631083,-90.5770675,Plains
Independence,Missouri,MO,39.0911161,-94.4155068,Plains
Joplin,Missouri,MO,37.0842271,-94.513281,Plains
Missoula,Montana,MT,46.8787176,-113.996586,West
Bozeman,Montana,MT,45.6769979,-111.0429339,West
Billings,Montana,MT,45.7832856,-108.5006904,West
Great Falls,Montana,MT,47.4941836,-111.2833449,West
Lincoln,Nebraska,NE,40.8257625,-96.6851982,Plains
Omaha,Nebraska,NE,41.2523634,-95.9979883,Plains
Bellevue,Nebraska,NE,41.1543623,-95.9145568,Plains
Grand Island,Nebraska,NE,40.9263957,-98.3420118,Plains
Henderson,Nevada,NV,36.0395247,-114.9817213,West
Reno,Nevada,NV,39.5296329,-119.8138027,West
North Las Vegas,Nevada,NV,36.1988592,-115.1175013,West
Sparks,Nevada,NV,39.5349112,-119.7526886,West
Carson City,Nevada,NV,39.1637984,-119.7674034,West
Las Vegas,Nevada,NV,36.1699412,-115.1398296,West
Nashua,New Hampshire,NH,42.7653662,-71.467566,Northeast
Manchester,New Hampshire,NH,42.9956397,-71.4547891,Northeast
Concord,New Hampshire,NH,43.2081366,-71.5375718,Northeast
Trenton,New Jersey,NJ,40.2170534,-74.7429384,Northeast
Atlantic City,New Jersey,NJ,39.3642834,-74.4229266,Northeast
Passaic,New Jersey,NJ,40.8567662,-74.1284764,Northeast
Paterson,New Jersey,NJ,40.9167654,-74.171811,Northeast
Newark,New Jersey,NJ,40.735657,-74.1723667,Northeast
Union City,New Jersey,NJ,40.6975898,-74.2631635,Northeast
Hackensack,New Jersey,NJ,40.8859325,-74.0434736,Northeast
Camden,New Jersey,NJ,39.9259463,-75.1196199,Northeast
Elizabeth,New Jersey,NJ,40.6639916,-74.2107006,Northeast
Sayreville,New Jersey,NJ,40.4594021,-74.360846,Northeast
New Brunswick,New Jersey,NJ,40.4862157,-74.4518188,Northeast
Kearny,New Jersey,NJ,40.7684342,-74.1454214,Northeast
Bayonne,New Jersey,NJ,40.6687141,-74.1143091,Northeast
Jersey City,New Jersey,NJ,40.7281575,-74.0776417,Northeast
Perth Amboy,New Jersey,NJ,40.5067723,-74.2654234,Northeast
Hoboken,New Jersey,NJ,40.7439905,-74.0323626,Northeast
Clifton,New Jersey,NJ,40.8584328,-74.1637553,Northeast
Plainfield,New Jersey,NJ,40.6337136,-74.4073736,Northeast
East Orange,New Jersey,NJ,40.767323,-74.2048677,Northeast
Vineland,New Jersey,NJ,39.4863773,-75.0259637,Northeast
West New York,New Jersey,NJ,40.7878788,-74.0143064,Northeast
Linden,New Jersey,NJ,40.6220478,-74.2445902,Northeast
Roswell,New Mexico,NM,33.3942655,-104.5230242,West
Albuquerque,New Mexico,NM,35.0853336,-106.6055534,West
Rio Rancho,New Mexico,NM,35.2327544,-106.6630437,West
Clovis,New Mexico,NM,34.4047987,-103.2052272,West
Santa Fe,New Mexico,NM,35.6869752,-105.937799,West
Las Cruces,New Mexico,NM,32.3199396,-106.7636538,West
Farmington,New Mexico,NM,36.7280583,-108.2186856,West
Buffalo,New York,NY,42.8864468,-78.8783689,Northeast
Mount Vernon,New York,NY,40.9125992,-73.8370786,Northeast
Schenectady,New York,NY,42.8142432,-73.9395687,Northeast
Binghamton,New York,NY,42.0986867,-75.9179738,Northeast
Albany,New York,NY,42.6525793,-73.7562317,Northeast
Rochester,New York,NY,43.16103,-77.6109219,Northeast
Yonkers,New York,NY,40.9312099,-73.8987469,Northeast
Niagara Falls,New York,NY,43.0962143,-79.0377388,Northeast
Hempstead,New York,NY,40.7062128,-73.6187397,Northeast
New Rochelle,New York,NY,40.9114882,-73.7823549,Northeast
Troy,New York,NY,42.7284117,-73.6917851,Northeast
Syracuse,New York,NY,43.0481221,-76.1474244,Northeast
Valley Stream,New York,NY,40.6642699,-73.7084645,Northeast
Freeport,New York,NY,40.6576022,-73.5831835,Northeast
White Plains,New York,NY,41.0339862,-73.7629097,Northeast
Utica,New York,NY,43.100903,-75.232664,Northeast
New York,New York,NY,40.7127837,-74.0059413,Northeast
Gastonia,North Carolina,NC,35.262082,-81.1873005,Midsouth
Greenville,North Carolina,NC,35.612661,-77.3663538,Midsouth
Concord,North Carolina,NC,35.4087517,-80.579511,Midsouth
Chapel Hill,North Carolina,NC,35.9131996,-79.0558445,Midsouth
Raleigh,North Carolina,NC,35.7795897,-78.6381787,Midsouth
Cary,North Carolina,NC,35.79154,-78.7811169,Midsouth
Huntersville,North Carolina,NC,35.410694,-80.8428504,Midsouth
Wilmington,North Carolina,NC,34.2257255,-77.9447102,Midsouth
Wilson,North Carolina,NC,35.7212689,-77.9155395,Midsouth
Rocky Mount,North Carolina,NC,35.9382103,-77.7905339,Midsouth
Durham,North Carolina,NC,35.9940329,-78.898619,Midsouth
Greensboro,North Carolina,NC,36.0726354,-79.7919754,Midsouth
Apex,North Carolina,NC,35.732652,-78.8502856,Midsouth
Burlington,North Carolina,NC,36.0956918,-79.4377991,Midsouth
Fayetteville,North Carolina,NC,35.0526641,-78.8783585,Midsouth
Charlotte,North Carolina,NC,35.2270869,-80.8431267,Midsouth
Kannapolis,North Carolina,NC,35.4873613,-80.6217341,Midsouth
High Point,North Carolina,NC,35.9556923,-80.0053176,Midsouth
Hickory,North Carolina,NC,35.7344538,-81.3444573,Midsouth
Winston-Salem,North Carolina,NC,36.0998596,-80.244216,Midsouth
Asheville,North Carolina,NC,35.5950581,-82.5514869,Midsouth
Grand Forks,North Dakota,ND,47.9252568,-97.0328547,Plains
Fargo,North Dakota,ND,46.8771863,-96.7898034,Plains
Minot,North Dakota,ND,48.2329668,-101.2922906,Plains
Bismarck,North Dakota,ND,46.8083268,-100.7837392,Plains
Columbus,Ohio,OH,32.4609764,-84.9877094,Great Lakes
Cleveland,Ohio,OH,41.49932,-81.6943605,Great Lakes
Lima,Ohio,OH,40.742551,-84.1052256,Great Lakes
Lancaster,Ohio,OH,39.7136754,-82.5993294,Great Lakes
Kettering,Ohio,OH,39.6895036,-84.1688274,Great Lakes
Columbus,Ohio,OH,39.9611755,-82.9987942,Great Lakes
Cuyahoga Falls,Ohio,OH,41.1339449,-81.4845585,Great Lakes
Grove City,Ohio,OH,39.8814519,-83.0929644,Great Lakes
Fairfield,Ohio,OH,39.3454673,-84.5603187,Great Lakes
Parma,Ohio,OH,41.4047742,-81.7229086,Great Lakes
Cincinnati,Ohio,OH,39.1031182,-84.5120196,Great Lakes
Toledo,Ohio,OH,41.6639383,-83.555212,Great Lakes
Youngstown,Ohio,OH,41.0997803,-80.6495194,Great Lakes
Mansfield,Ohio,OH,40.75839,-82.5154471,Great Lakes
Dublin,Ohio,OH,40.0992294,-83.1140771,Great Lakes
Findlay,Ohio,OH,41.04422,-83.6499321,Great Lakes
Strongsville,Ohio,OH,41.3144966,-81.83569,Great Lakes
Dayton,Ohio,OH,39.7589478,-84.1916069,Great Lakes
Euclid,Ohio,OH,41.5931049,-81.5267873,Great Lakes
Warren,Ohio,OH,41.2375569,-80.8184166,Great Lakes
Huber Heights,Ohio,OH,39.843947,-84.1246608,Great Lakes
Hamilton,Ohio,OH,39.3995008,-84.5613355,Great Lakes
Springfield,Ohio,OH,39.9242266,-83.8088171,Great Lakes
Mentor,Ohio,OH,41.6661573,-81.339552,Great Lakes
Elyria,Ohio,OH,41.3683798,-82.1076486,Great Lakes
Middletown,Ohio,OH,39.5150576,-84.3982763,Great Lakes
Newark,Ohio,OH,40.0581205,-82.4012642,Great Lakes
Westerville,Ohio,OH,40.1261743,-82.9290696,Great Lakes
Akron,Ohio,OH,41.0814447,-81.5190053,Great Lakes
Lorain,Ohio,OH,41.452819,-82.1823746,Great Lakes
Beavercreek,Ohio,OH,39.7092262,-84.0632685,Great Lakes
Lakewood,Ohio,OH,41.4819932,-81.7981908,Great Lakes
Canton,Ohio,OH,40.7989473,-81.378447,Great Lakes
Cleveland Heights,Ohio,OH,41.5200518,-81.556235,Great Lakes
Tulsa,Oklahoma,OK,36.1539816,-95.992775,South Central
Oklahoma City,Oklahoma,OK,35.4675602,-97.5164276,South Central
Lawton,Oklahoma,OK,34.6035669,-98.3959291,South Central
Broken Arrow,Oklahoma,OK,36.060949,-95.7974526,South Central
Muskogee,Oklahoma,OK,35.7478769,-95.3696909,South Central
Stillwater,Oklahoma,OK,36.1156071,-97.0583681,South Central
Midwest City,Oklahoma,OK,35.4495065,-97.3967019,South Central
Edmond,Oklahoma,OK,35.6528323,-97.4780954,South Central
Enid,Oklahoma,OK,36.3955891,-97.8783911,South Central
Norman,Oklahoma,OK,35.2225668,-97.4394777,South Central
Moore,Oklahoma,OK,35.3395079,-97.4867028,South Central
Portland,Oregon,OR,45.5230622,-122.6764816,West
Salem,Oregon,OR,44.9428975,-123.0350963,West
Tigard,Oregon,OR,45.4312294,-122.7714861,West
Eugene,Oregon,OR,44.0520691,-123.0867536,West
Beaverton,Oregon,OR,45.487062,-122.8037102,West
Hillsboro,Oregon,OR,45.5228939,-122.989827,West
Lake Oswego,Oregon,OR,45.4206749,-122.6706498,West
Bend,Oregon,OR,44.0581728,-121.3153096,West
Medford,Oregon,OR,42.3265152,-122.8755949,West
Albany,Oregon,OR,44.6365107,-123.1059282,West
Keizer,Oregon,OR,44.9901194,-123.0262077,West
Springfield,Oregon,OR,44.0462362,-123.0220289,West
Corvallis,Oregon,OR,44.5645659,-123.2620435,West
Gresham,Oregon,OR,45.5001357,-122.4302013,West
Allentown,Pennsylvania,PA,40.6084305,-75.4901833,Northeast
Philadelphia,Pennsylvania,PA,39.9525839,-75.1652215,Northeast
Lancaster,Pennsylvania,PA,40.0378755,-76.3055144,Northeast
Erie,Pennsylvania,PA,42.1292241,-80.085059,Northeast
Harrisburg,Pennsylvania,PA,40.2731911,-76.8867008,Northeast
State College,Pennsylvania,PA,40.7933949,-77.8600012,Northeast
Wilkes-Barre,Pennsylvania,PA,41.2459149,-75.8813075,Northeast
York,Pennsylvania,PA,39.9625984,-76.727745,Northeast
Scranton,Pennsylvania,PA,41.408969,-75.6624122,Northeast
Bethlehem,Pennsylvania,PA,40.6259316,-75.3704579,Northeast
Reading,Pennsylvania,PA,40.3356483,-75.9268747,Northeast
Altoona,Pennsylvania,PA,40.5186809,-78.3947359,Northeast
Pittsburgh,Pennsylvania,PA,40.4406248,-79.9958864,Northeast
East Providence,Rhode Island,RI,41.8137116,-71.3700545,Northeast
Woonsocket,Rhode Island,RI,42.0028761,-71.5147839,Northeast
Cranston,Rhode Island,RI,41.7798226,-71.4372796,Northeast
Warwick,Rhode Island,RI,41.7001009,-71.4161671,Northeast
Pawtucket,Rhode Island,RI,41.878711,-71.3825558,Northeast
Providence,Rhode Island,RI,41.8239891,-71.4128343,Northeast
Columbia,South Carolina,SC,34.0007104,-81.0348144,Southeast
Mount Pleasant,South Carolina,SC,32.8323225,-79.8284258,Southeast
Greenville,South Carolina,SC,34.8526176,-82.3940104,Southeast
Spartanburg,South Carolina,SC,34.9495672,-81.9320482,Southeast
Florence,South Carolina,SC,34.1954331,-79.7625625,Southeast
Charleston,South Carolina,SC,32.7764749,-79.9310512,Southeast
Goose Creek,South Carolina,SC,32.9810059,-80.0325867,Southeast
North Charleston,South Carolina,SC,32.8546197,-79.9748103,Southeast
Sumter,South Carolina,SC,33.9204354,-80.3414693,Southeast
Rock Hill,South Carolina,SC,34.9248667,-81.0250784,Southeast
Hilton Head Island,South Carolina,SC,32.216316,-80.752608,Southeast
Summerville,South Carolina,SC,33.0185039,-80.1756481,Southeast
Rapid City,South Dakota,SD,44.0805434,-103.2310149,Plains
Sioux Falls,South Dakota,SD,43.5445959,-96.7311034,Plains
Kingsport,Tennessee,TN,36.548434,-82.5618186,Midsouth
Franklin,Tennessee,TN,35.9250637,-86.8688899,Midsouth
Bartlett,Tennessee,TN,35.2045328,-89.8739753,Midsouth
Nashville,Tennessee,TN,36.1626638,-86.7816016,Midsouth
Collierville,Tennessee,TN,35.042036,-89.6645266,Midsouth
Chattanooga,Tennessee,TN,35.0456297,-85.3096801,Midsouth
Jackson,Tennessee,TN,35.6145169,-88.8139469,Midsouth
Johnson City,Tennessee,TN,36.3134397,-82.3534727,Midsouth
Clarksville,Tennessee,TN,36.5297706,-87.3594528,Midsouth
Knoxville,Tennessee,TN,35.9606384,-83.9207392,Midsouth
Murfreesboro,Tennessee,TN,35.8456213,-86.39027,Midsouth
Germantown,Tennessee,TN,35.0867577,-89.8100858,Midsouth
Memphis,Tennessee,TN,35.1495343,-90.0489801,Midsouth
Cleveland,Tennessee,TN,35.1595182,-84.8766115,Midsouth
Brentwood,Tennessee,TN,36.0331164,-86.7827772,Midsouth
Smyrna,Tennessee,TN,35.9828412,-86.5186045,Midsouth
Hendersonville,Tennessee,TN,36.3047735,-86.6199957,Midsouth
Lubbock,Texas,TX,33.5778631,-101.8551665,South Central
Rowlett,Texas,TX,32.9029017,-96.56388,South Central
North Richland Hills,Texas,TX,32.8342952,-97.2289029,South Central
Dallas,Texas,TX,32.7766642,-96.7969879,South Central
Texarkana,Texas,TX,33.425125,-94.0476882,South Central
The Colony,Texas,TX,33.0806083,-96.8928309,South Central
Pearland,Texas,TX,29.5635666,-95.2860474,South Central
Conroe,Texas,TX,30.3118769,-95.4560512,South Central
San Antonio,Texas,TX,29.4241219,-98.4936282,South Central
Baytown,Texas,TX,29.7355047,-94.9774274,South Central
Mission,Texas,TX,26.2159066,-98.3252932,South Central
Allen,Texas,TX,33.1031744,-96.6705503,South Central
Abilene,Texas,TX,32.4487364,-99.7331439,South Central
Wichita Falls,Texas,TX,33.9137085,-98.4933873,South Central
Missouri City,Texas,TX,29.6185669,-95.5377215,South Central
Pharr,Texas,TX,26.1947962,-98.1836216,South Central
Midland,Texas,TX,31.9973456,-102.0779146,South Central
Rockwall,Texas,TX,32.9312336,-96.4597089,South Central
DeSoto,Texas,TX,32.5896998,-96.8570738,South Central
Brownsville,Texas,TX,25.9017472,-97.4974838,South Central
Flower Mound,Texas,TX,33.0145673,-97.0969552,South Central
Grapevine,Texas,TX,32.9342919,-97.0780654,South Central
Mansfield,Texas,TX,32.5631924,-97.1416768,South Central
Austin,Texas,TX,30.267153,-97.7430608,South Central
Bedford,Texas,TX,32.844017,-97.1430671,South Central
Harlingen,Texas,TX,26.1906306,-97.6961026,South Central
Denton,Texas,TX,33.2148412,-97.1330683,South Central
Galveston,Texas,TX,29.3013479,-94.7976958,South Central
Laredo,Texas,TX,27.5305671,-99.4803241,South Central
Haltom City,Texas,TX,32.7995738,-97.2691817,South Central
Sugar Land,Texas,TX,29.6196787,-95.6349463,South Central
Duncanville,Texas,TX,32.6518004,-96.9083366,South Central
Lancaster,Texas,TX,32.5920798,-96.7561082,South Central
Weslaco,Texas,TX,26.1595194,-97.9908366,South Central
San Angelo,Texas,TX,31.4637723,-100.4370375,South Central
McAllen,Texas,TX,26.2034071,-98.2300124,South Central
McKinney,Texas,TX,33.1972465,-96.6397822,South Central
Killeen,Texas,TX,31.1171194,-97.7277959,South Central
Amarillo,Texas,TX,35.2219971,-101.8312969,South Central
Longview,Texas,TX,32.5007037,-94.7404891,South Central
Grand Prairie,Texas,TX,32.7459645,-96.9977846,South Central
Mesquite,Texas,TX,32.7667955,-96.5991593,South Central
Garland,Texas,TX,32.912624,-96.6388833,South Central
Port Arthur,Texas,TX,29.8849504,-93.939947,South Central
Burleson,Texas,TX,32.5420821,-97.3208492,South Central
Frisco,Texas,TX,33.1506744,-96.8236116,South Central
Richardson,Texas,TX,32.9483335,-96.7298519,South Central
San Marcos,Texas,TX,29.8832749,-97.9413941,South Central
New Braunfels,Texas,TX,29.7030024,-98.1244531,South Central
Irving,Texas,TX,32.8140177,-96.9488945,South Central
Houston,Texas,TX,29.7604267,-95.3698028,South Central
Beaumont,Texas,TX,30.080174,-94.1265562,South Central
Odessa,Texas,TX,31.8456816,-102.3676431,South Central
Georgetown,Texas,TX,30.6332618,-97.6779842,South Central
Keller,Texas,TX,32.9341893,-97.229298,South Central
Euless,Texas,TX,32.8370727,-97.0819541,South Central
Pasadena,Texas,TX,29.6910625,-95.2091006,South Central
El Paso,Texas,TX,31.7775757,-106.4424559,South Central
Edinburg,Texas,TX,26.3017374,-98.1633432,South Central
Texas City,Texas,TX,29.383845,-94.9027002,South Central
Temple,Texas,TX,31.0982344,-97.342782,South Central
Pflugerville,Texas,TX,30.4393696,-97.6200043,South Central
Victoria,Texas,TX,28.8052674,-97.0035982,South Central
Wylie,Texas,TX,33.0151201,-96.5388789,South Central
Carrollton,Texas,TX,32.9756415,-96.8899636,South Central
Huntsville,Texas,TX,30.7235263,-95.5507771,South Central
Round Rock,Texas,TX,30.5082551,-97.678896,South Central
Friendswood,Texas,TX,29.5293998,-95.2010447,South Central
Cedar Park,Texas,TX,30.505198,-97.8202888,South Central
Bryan,Texas,TX,30.6743643,-96.3699632,South Central
Hurst,Texas,TX,32.8234621,-97.1705678,South Central
Plano,Texas,TX,33.0198431,-96.6988856,South Central
Coppell,Texas,TX,32.9545687,-97.0150078,South Central
College Station,Texas,TX,30.627977,-96.3344068,South Central
Sherman,Texas,TX,33.6356618,-96.6088805,South Central
Fort Worth,Texas,TX,32.7554883,-97.3307658,South Central
Tyler,Texas,TX,32.3512601,-95.3010624,South Central
Waco,Texas,TX,31.549333,-97.1466695,South Central
Arlington,Texas,TX,32.735687,-97.1080656,South Central
Lewisville,Texas,TX,33.046233,-96.994174,South Central
League City,Texas,TX,29.5074538,-95.0949303,South Central
Cedar Hill,Texas,TX,32.5884689,-96.9561152,South Central
Corpus Christi,Texas,TX,27.8005828,-97.396381,South Central
West Tex,Texas,TX,31.8023,-97.091,South Central
California,Total,,,,California
Great Lakes,Total,,,,Great Lakes
Midsouth,Total,,,,Midsouth
Northeast,Total,,,,Northeast
Plains,Total,,,,Plains
South Carolina,Total,,,,South Carolina
South Central,Total,,,,South Central
Southeast,Total,,,,Southeast
Total U.S.,Total,,,,Total U.S.
West,Total,,,,West
Logan,Utah,UT,41.7369803,-111.8338359,West
South Jordan,Utah,UT,40.5621704,-111.929658,West
Bountiful,Utah,UT,40.8893895,-111.880771,West
Provo,Utah,UT,40.2338438,-111.6585337,West
Spanish Fork,Utah,UT,40.114955,-111.654923,West
Taylorsville,Utah,UT,40.6677248,-111.9388258,West
Riverton,Utah,UT,40.521893,-111.9391023,West
Lehi,Utah,UT,40.3916172,-111.8507662,West
Ogden,Utah,UT,41.223,-111.9738304,West
Layton,Utah,UT,41.0602216,-111.9710529,West
Murray,Utah,UT,40.6668916,-111.8879909,West
Sandy,Utah,UT,40.5649781,-111.8389726,West
West Valley City,Utah,UT,40.6916132,-112.0010501,West
Orem,Utah,UT,40.2968979,-111.6946475,West
Roy,Utah,UT,41.1616108,-112.0263313,West
Draper,Utah,UT,40.5246711,-111.8638226,West
St. George,Utah,UT,37.0965278,-113.5684164,West
West Jordan,Utah,UT,40.6096698,-111.9391031,West
Salt Lake City,Utah,UT,40.7607793,-111.8910474,West
Burlington,Vermont,VT,44.4758825,-73.212072,Northeast
Leesburg,Virginia,VA,39.1156615,-77.5636015,Midsouth
Blacksburg,Virginia,VA,37.2295733,-80.4139393,Midsouth
Lynchburg,Virginia,VA,37.4137536,-79.1422464,Midsouth
Charlottesville,Virginia,VA,38.0293059,-78.4766781,Midsouth
Newport News,Virginia,VA,37.0870821,-76.4730122,Midsouth
Chesapeake,Virginia,VA,36.7682088,-76.2874927,Midsouth
Portsmouth,Virginia,VA,36.8354258,-76.2982742,Midsouth
Norfolk,Virginia,VA,36.8507689,-76.2858726,Midsouth
Harrisonburg,Virginia,VA,38.4495688,-78.8689155,Midsouth
Roanoke,Virginia,VA,37.2709704,-79.9414266,Midsouth
Danville,Virginia,VA,36.5859718,-79.3950228,Midsouth
Manassas,Virginia,VA,38.7509488,-77.4752667,Midsouth
Suffolk,Virginia,VA,36.7282054,-76.5835621,Midsouth
Alexandria,Virginia,VA,38.8048355,-77.0469214,Midsouth
Hampton,Virginia,VA,37.0298687,-76.3452218,Midsouth
Richmond,Virginia,VA,37.5407246,-77.4360481,Midsouth
Virginia Beach,Virginia,VA,36.8529263,-75.977985,Midsouth
Marysville,Washington,WA,48.0517637,-122.1770818,West
Spokane,Washington,WA,47.6587802,-117.4260466,West
Kennewick,Washington,WA,46.2112458,-119.1372338,West
Bellingham,Washington,WA,48.74908,-122.4781473,West
Lakewood,Washington,WA,47.1717649,-122.518458,West
Burien,Washington,WA,47.4703767,-122.3467918,West
Puyallup,Washington,WA,47.1853785,-122.2928974,West
Bremerton,Washington,WA,47.5673202,-122.6329356,West
Shoreline,Washington,WA,47.7556531,-122.3415178,West
Edmonds,Washington,WA,47.8106521,-122.3773552,West
Kent,Washington,WA,47.3809335,-122.2348431,West
Spokane Valley,Washington,WA,47.6732281,-117.2393748,West
Lacey,Washington,WA,47.0342629,-122.8231915,West
Yakima,Washington,WA,46.6020711,-120.5058987,West
Everett,Washington,WA,47.9789848,-122.2020794,West
Vancouver,Washington,WA,45.6387281,-122.6614861,West
Seattle,Washington,WA,47.6062095,-122.3320708,West
Bellevue,Washington,WA,47.610377,-122.2006786,West
Richland,Washington,WA,46.2856907,-119.2844621,West
Auburn,Washington,WA,47.3073228,-122.2284532,West
Renton,Washington,WA,47.4828776,-122.2170661,West
Kirkland,Washington,WA,47.6814875,-122.2087353,West
Sammamish,Washington,WA,47.6162683,-122.0355736,West
Tacoma,Washington,WA,47.2528768,-122.4442906,West
Pasco,Washington,WA,46.2395793,-119.1005657,West
Redmond,Washington,WA,47.6739881,-122.121512,West
Federal Way,Washington,WA,47.3223221,-122.3126222,West
Olympia,Washington,WA,47.0378741,-122.9006951,West
Huntington,West Virginia,WV,38.4192496,-82.445154,Midsouth
Charleston,West Virginia,WV,38.3498195,-81.6326234,Midsouth
New Berlin,Wisconsin,WI,42.9764027,-88.1084224,Great Lakes
La Crosse,Wisconsin,WI,43.8013556,-91.2395807,Great Lakes
West Allis,Wisconsin,WI,43.0166806,-88.0070315,Great Lakes
Waukesha,Wisconsin,WI,43.0116784,-88.2314813,Great Lakes
Wausau,Wisconsin,WI,44.9591352,-89.6301221,Great Lakes
Fond du Lac,Wisconsin,WI,43.7730448,-88.4470508,Great Lakes
Brookfield,Wisconsin,WI,43.0605671,-88.1064787,Great Lakes
Eau Claire,Wisconsin,WI,44.811349,-91.4984941,Great Lakes
Greenfield,Wisconsin,WI,42.9614039,-88.0125865,Great Lakes
Kenosha,Wisconsin,WI,42.5847425,-87.8211854,Great Lakes
Beloit,Wisconsin,WI,42.5083482,-89.0317765,Great Lakes
Appleton,Wisconsin,WI,44.2619309,-88.4153847,Great Lakes
Wauwatosa,Wisconsin,WI,43.0494572,-88.0075875,Great Lakes
Racine,Wisconsin,WI,42.7261309,-87.7828523,Great Lakes
Milwaukee,Wisconsin,WI,43.0389025,-87.9064736,Great Lakes
Oshkosh,Wisconsin,WI,44.0247062,-88.5426136,Great Lakes
Sheboygan,Wisconsin,WI,43.7508284,-87.71453,Great Lakes
Madison,Wisconsin,WI,43.0730517,-89.4012302,Great Lakes
Janesville,Wisconsin,WI,42.6827885,-89.0187222,Great Lakes
Green Bay,Wisconsin,WI,44.519159,-88.019826,Great Lakes
Cheyenne,Wyoming,WY,41.1399814,-104.8202462,West
Casper,Wyoming,WY,42.866632,-106.313081,West
